degree,num_advice,num_lookup,num_fixed,lookup_bits,limb_bits,num_limbs,num_aggregation,proof_time,proof_size,verify_time
17,25,3,1,16,88,3,2,9.289048833s,11520,4.241125ms
17,25,3,1,16,88,3,4,9.217270458s,11520,3.934667ms
17,25,3,1,16,88,3,8,10.2604925s,12000,3.6675ms
17,25,3,1,16,88,3,16,10.157313375s,12224,3.661834ms
17,25,3,1,16,88,3,32,10.423337167s,12576,4.005167ms
17,25,3,1,16,88,3,64,10.45582625s,12800,4.1195ms
17,25,3,1,16,88,3,128,11.699858s,14080,5.392791ms
